{
    "tardis_takeoff": {
        "sounds": [
            "tardis_takeoff"
        ]
    },
    "tardis_takeoff_fast": {
        "sounds": [
            "tardis_takeoff_fast"
        ]
    },
    "tardis_land": {
        "sounds": [
            "tardis_land"
        ]
    },
    "tardis_land_fast": {
        "sounds": [
            "tardis_land_fast"
        ]
    },
    "tardis_emergency_land": {
        "sounds": [
            "tardis_emergency_land"
        ]
    },
    "tardis_lock": {
        "sounds": [
            "tardis_remote"
        ]
    },
    "tardis_hide": {
        "sounds": [
            "tardis_hide"
        ]
    },
    "tardis_rebuild": {
        "sounds": [
            "tardis_rebuild"
        ]
    },
    "tardis_hum": {
        "category": "ambient",
        "sounds": [
            {
                "name": "tardis_hum_coral",
                "type": "event"
            },
            {
                "name": "tardis_hum_copper",
                "type": "event"
            },
            {
                "name": "tardis_hum_computer",
                "type": "event"
            },
            {
                "name": "tardis_hum_sleeping",
                "type": "event"
            },
            {
                "name": "tardis_hum_galaxy",
                "type": "event"
            },
            {
                "name": "tardis_hum_mind",
                "type": "event"
            },
            {
                "name": "tardis_hum_void",
                "type": "event"
            },
            {
                "name": "tardis_hum_alien",
                "type": "event"
            },
            {
                "name": "tardis_hum_atmosphere",
                "type": "event"
            },
            {
                "name": "tardis_hum_learning",
                "type": "event"
            },
            {
                "name": "tardis_hum_neon",
                "type": "event"
            }
        ]
    },
    "tardis_hum_coral": {
        "category": "ambient",
        "sounds": [
            {
                "name": "tardis_hum_1",
                "stream": true
            }
        ]
    },
    "tardis_hum_copper": {
        "category": "ambient",
        "sounds": [
            {
                "name": "tardis_hum_2",
                "stream": true
            }
        ]
    },
    "tardis_hum_computer": {
        "category": "ambient",
        "sounds": [
            {
                "name": "tardis_hum_3",
                "stream": true
            }
        ]
    },
    "tardis_hum_sleeping": {
        "category": "ambient",
        "sounds": [
            {
                "name": "tardis_hum_4",
                "stream": true
            }
        ]
    },
    "tardis_hum_galaxy": {
        "category": "ambient",
        "sounds": [
            {
                "name": "tardis_hum_5",
                "stream": true
            }
        ]
    },
    "tardis_hum_mind": {
        "category": "ambient",
        "sounds": [
            {
                "name": "tardis_hum_6",
                "stream": true
            }
        ]
    },
    "tardis_hum_void": {
        "category": "ambient",
        "sounds": [
            {
                "name": "tardis_hum_7",
                "stream": true
            }
        ]
    },
    "tardis_hum_alien": {
        "category": "ambient",
        "sounds": [
            {
                "name": "tardis_hum_8",
                "stream": true
            }
        ]
    },
    "tardis_hum_atmosphere": {
        "category": "ambient",
        "sounds": [
            {
                "name": "tardis_hum_9",
                "stream": true
            }
        ]
    },
    "tardis_hum_learning": {
        "category": "ambient",
        "sounds": [
            {
                "name": "tardis_hum_10",
                "stream": true
            }
        ]
    },
    "tardis_hum_neon": {
        "category": "ambient",
        "sounds": [
            {
                "name": "tardis_hum_11",
                "stream": true
            }
        ]
    },
    "sonic_screwdriver": {
        "sounds": [
            "sonic_screwdriver"
        ]
    },
    "sonic_medium": {
        "sounds": [
            "sonic_screwdriver_medium"
        ]
    },
    "sonic_short": {
        "sounds": [
            "sonic_screwdriver_short"
        ]
    },
    "police_box_open": {
        "sounds": [
            "police_box_open"
        ]
    },
    "police_box_close": {
        "sounds": [
            "police_box_close"
        ]
    },
    "tardis_door_open": {
        "sounds": [
            "tardis_door_open"
        ]
    },
    "tardis_door_close": {
        "sounds": [
            "tardis_door_close"
        ]
    },
    "tardis_handbrake_engage": {
        "sounds": [
            "tardis_handbrake_engage"
        ]
    },
    "tardis_handbrake_release": {
        "sounds": [
            "tardis_handbrake_release"
        ]
    },
    "tardis_cloister_bell": {
        "sounds": [
            "tardis_cloister_bell"
        ]
    },
    "tardis_scanner": {
        "sounds": [
            "tardis_scanner"
        ]
    },
    "tardis_malfunction": {
        "sounds": [
            "tardis_malfunction"
        ]
    },
    "tardis_malfunction_takeoff": {
        "sounds": [
            "tardis_malfunction_takeoff"
        ]
    },
    "tardis_enter": {
        "sounds": [
            "tardis_enter"
        ]
    },
    "lazarus_machine": {
        "sounds": [
            "lazarus_machine"
        ]
    },
    "interior_flight": {
        "sounds": [
            "interior_flight"
        ]
    },
    "time_rotor": {
        "sounds": [
            "time_rotor"
        ]
    },
    "power_up": {
        "sounds": [
            "power_up"
        ]
    },
    "power_down": {
        "sounds": [
            "power_down"
        ]
    },
    "artron_furnace": {
        "sounds": [
            "artron_furnace"
        ]
    },
    "junk_takeoff": {
        "sounds": [
            "junk_takeoff"
        ]
    },
    "junk_land": {
        "sounds": [
            "junk_land"
        ]
    },
    "junk_arc": {
        "sounds": [
            "junk_arc"
        ]
    },
    "handles": {
        "category": "voice",
        "sounds": [
            "handles_affirmative",
            "handles_attention",
            "handles_comfort",
            "handles_fault_1",
            "handles_fault_2",
            "handles_fault_3",
            "handles_gallifrey",
            "handles_official",
            "handles_processing",
            "handles_urgent"
        ]
    },
    "handles_reminder": {
        "category": "voice",
        "sounds": [
            "handles_information",
            "handles_reminder"
        ]
    },
    "handles_scanner": {
        "sounds": [
            "handles_scanner"
        ]
    },
    "handles_confirmed": {
        "sounds": [
            "handles_confirmed"
        ]
    }
}
