{
	"credit": "Made with Blockbench, a free, modern block model editor by JannisX11",
	"ambientocclusion": false,
	"textures": {
		"0": "block/handles_back",
		"1": "block/handles_bottom",
		"2": "block/handles_front_lit",
		"3": "block/handles_left",
		"4": "block/handles_right",
		"5": "block/handles_top",
		"8": "block/lime_wool",
		"9": "block/light_blue_wool",
		"10": "block/orange_wool",
		"11": "block/yellow_wool",
		"particle": "block/handles_bottom"
	},
	"elements": [
		{
			"name": "wire short",
			"from": [7, 0.8, 8.9],
			"to": [7.8, 2.4, 9.7],
			"faces": {
				"north": {"uv": [6, 1.125, 8, 5.125], "texture": "#9"},
				"east": {"uv": [6, 1.125, 8, 5.125], "texture": "#9"},
				"south": {"uv": [6, 1.125, 8, 5.125], "texture": "#9"},
				"west": {"uv": [6, 1.125, 8, 5.125], "texture": "#9"},
				"up": {"uv": [0, 0, 1, 1], "texture": "#9", "cullface": "up"},
				"down": {"uv": [9.5, 5.75, 11.5, 7.75], "texture": "#9", "rotation": 180}
			}
		},
		{
			"name": "wire mid",
			"from": [6.5, 0.25, 7.5],
			"to": [7.3, 2.4, 8.3],
			"faces": {
				"north": {"uv": [10.5, 0, 12.5, 10], "texture": "#10"},
				"east": {"uv": [10.5, 0, 12.5, 10], "texture": "#10"},
				"south": {"uv": [10.5, 0, 12.5, 10], "texture": "#10"},
				"west": {"uv": [10.5, 0, 12.5, 10], "texture": "#10"},
				"up": {"uv": [0, 0, 1, 1], "texture": "#10", "cullface": "up"},
				"down": {"uv": [12.125, 11.5, 14.125, 13.5], "texture": "#10", "rotation": 180}
			}
		},
		{
			"name": "wire med",
			"from": [7.7, 0.5, 7],
			"to": [8.5, 2.4, 7.8],
			"faces": {
				"north": {"uv": [0, 0, 2, 6], "texture": "#11"},
				"east": {"uv": [0, 0, 2, 6], "texture": "#11"},
				"south": {"uv": [0, 0, 2, 6], "texture": "#11"},
				"west": {"uv": [0, 0, 2, 6], "texture": "#11"},
				"up": {"uv": [0, 0, 1, 1], "texture": "#11", "cullface": "up"},
				"down": {"uv": [4.75, 11.875, 6.75, 13.875], "texture": "#11", "rotation": 180}
			}
		},
		{
			"name": "wire long",
			"from": [8.2, 0, 8.5],
			"to": [9, 2.4, 9.3],
			"faces": {
				"north": {"uv": [0, 0, 2, 16], "texture": "#8"},
				"east": {"uv": [0, 0, 2, 16], "texture": "#8"},
				"south": {"uv": [0, 0, 2, 16], "texture": "#8"},
				"west": {"uv": [0, 0, 2, 16], "texture": "#8"},
				"up": {"uv": [0, 0, 1, 1], "texture": "#8", "cullface": "up"},
				"down": {"uv": [6.375, 6.5, 8.375, 8.5], "texture": "#8", "rotation": 180}
			}
		},
		{
			"name": "top",
			"from": [5.5, 11, 5.8],
			"to": [10.5, 12.5, 10.8],
			"rotation": {"angle": 0, "axis": "y", "origin": [9, 8, 8.8]},
			"faces": {
				"north": {"uv": [0, 0, 10, 4], "texture": "#1"},
				"east": {"uv": [0, 2.5, 3, 13.75], "texture": "#5", "rotation": 270},
				"south": {"uv": [2.25, 0, 13.75, 2.5], "texture": "#5"},
				"west": {"uv": [13, 2.5, 15.5, 13.75], "texture": "#5", "rotation": 90},
				"up": {"uv": [2.25, 2.5, 13.75, 13.75], "texture": "#5", "rotation": 180},
				"down": {"uv": [0, 0, 3, 3], "texture": "#5", "cullface": "down"}
			}
		},
		{
			"name": "neck",
			"from": [5.5, 2.4, 5.8],
			"to": [10.5, 3.9, 10.8],
			"faces": {
				"north": {"uv": [2, 10.75, 11, 14.75], "texture": "#1"},
				"east": {"uv": [2, 10.75, 11, 14.75], "texture": "#1"},
				"south": {"uv": [2, 10.75, 11, 14.75], "texture": "#1"},
				"west": {"uv": [2, 10.75, 11, 14.75], "texture": "#1"},
				"up": {"uv": [0, 0, 1, 1], "texture": "#1", "cullface": "up"},
				"down": {"uv": [4, 4.25, 13, 13.25], "texture": "#1", "rotation": 180}
			}
		},
		{
			"name": "head",
			"from": [4.5, 4, 4.8],
			"to": [11.5, 11, 11.8],
			"faces": {
				"north": {"uv": [0, 0, 16, 16], "texture": "#0"},
				"east": {"uv": [0, 0, 16, 16], "texture": "#3"},
				"south": {"uv": [0, 0, 16, 16], "texture": "#2"},
				"west": {"uv": [0, 0, 16, 16], "texture": "#4"},
				"up": {"uv": [0, 0, 16, 16], "texture": "#5", "rotation": 180},
				"down": {"uv": [0, 0, 16, 16], "texture": "#1", "rotation": 180}
			}
		},
		{
			"name": "tube right side",
			"from": [11.5, 9.3, 7.5],
			"to": [12.3, 12.1, 8.3],
			"faces": {
				"north": {"uv": [12.25, 5.5, 13.75, 13.5], "texture": "#1"},
				"east": {"uv": [12.25, 5.5, 13.75, 13.5], "texture": "#1"},
				"south": {"uv": [12.25, 5.5, 13.75, 13.5], "texture": "#1"},
				"west": {"uv": [12.25, 5.5, 13.75, 13.5], "texture": "#1"},
				"up": {"uv": [13.25, 4, 14.75, 5.5], "texture": "#1", "rotation": 180},
				"down": {"uv": [0, 0, 1, 1], "texture": "#1", "cullface": "down"}
			}
		},
		{
			"name": "tube right top",
			"from": [10.5, 11.3, 7.5],
			"to": [11.5, 12.1, 8.3],
			"faces": {
				"north": {"uv": [0, 0, 3, 3], "texture": "#1"},
				"east": {"uv": [0, 0, 1, 1], "texture": "#1", "cullface": "east"},
				"south": {"uv": [0, 0, 3, 3], "texture": "#1"},
				"west": {"uv": [0, 0, 1, 1], "texture": "#1", "cullface": "west"},
				"up": {"uv": [0, 0, 3, 3], "texture": "#1", "rotation": 180},
				"down": {"uv": [0, 0, 3, 3], "texture": "#1", "rotation": 180}
			}
		},
		{
			"name": "tube left side",
			"from": [3.7, 9.3, 7.5],
			"to": [4.5, 12.1, 8.3],
			"faces": {
				"north": {"uv": [6.75, 3.5, 8.75, 11.5], "texture": "#1"},
				"east": {"uv": [6.75, 3.5, 8.75, 11.5], "texture": "#1"},
				"south": {"uv": [6.75, 3.5, 8.75, 11.5], "texture": "#1"},
				"west": {"uv": [6.75, 3.5, 8.75, 11.5], "texture": "#1"},
				"up": {"uv": [9.75, 6.5, 11.75, 8.5], "texture": "#1", "rotation": 180},
				"down": {"uv": [0, 0, 1, 1], "texture": "#1"}
			}
		},
		{
			"name": "tube left top",
			"from": [4.5, 11.3, 7.5],
			"to": [5.5, 12.1, 8.3],
			"faces": {
				"north": {"uv": [5.5, 5.25, 8.5, 8.25], "texture": "#1"},
				"east": {"uv": [0, 0, 1, 1], "texture": "#1", "cullface": "east"},
				"south": {"uv": [5.5, 5.25, 8.5, 8.25], "texture": "#1"},
				"west": {"uv": [0, 0, 1, 1], "texture": "#1", "cullface": "west"},
				"up": {"uv": [5.5, 5.25, 8.5, 8.25], "texture": "#1", "rotation": 180},
				"down": {"uv": [5.5, 5.25, 8.5, 8.25], "texture": "#1", "rotation": 180}
			}
		},
		{
			"name": "ear right",
			"from": [11.5, 5.3, 6.3],
			"to": [12.3, 9.3, 9.3],
			"faces": {
				"north": {"uv": [8, 4.25, 9.75, 11.25], "texture": "#1"},
				"east": {"uv": [5.5, 4.75, 12.5, 12.75], "texture": "#3"},
				"south": {"uv": [8, 4.25, 9.75, 11.25], "texture": "#1"},
				"west": {"uv": [8, 4.25, 9.75, 11.25], "texture": "#1"},
				"up": {"uv": [8, 4.25, 9.75, 11.25], "texture": "#1", "rotation": 180},
				"down": {"uv": [8, 4.25, 9.75, 11.25], "texture": "#1", "rotation": 180}
			}
		},
		{
			"name": "ear left",
			"from": [3.7, 5.3, 6.3],
			"to": [4.5, 9.3, 9.3],
			"faces": {
				"north": {"uv": [0, 0, 2, 7], "texture": "#1"},
				"east": {"uv": [0, 0, 2, 7], "texture": "#1"},
				"south": {"uv": [0, 0, 2, 7], "texture": "#1"},
				"west": {"uv": [3.5, 4.75, 10.5, 12.75], "texture": "#4"},
				"up": {"uv": [0, 0, 2, 6.75], "texture": "#1", "rotation": 180},
				"down": {"uv": [0, 0, 2, 7], "texture": "#1", "rotation": 180}
			}
		}
	]
}
